index,Korea,English,Taiwanese,Portuguese,Italian,Turkish,Russian,French,Spanish,Japan
int,string,string,string,string,string,string,string,string,string,string
10001,서버에 접속할 수 없습니다. 다시 시도해보시겠습니까?,Unable to contact the server. Please try again?,無法連線至伺服器，要再試一次嗎？,Não é possível conectar no servidor. Por favor. tente novamente.,Non riesco a contattare il server. Riprova ancora,Sunucuyla bağlantı kurulamadı. Lütfen tekrar deneyiniz?,Не удалось соединиться с сервером. Попробовать снова?,Impossible de contacter le serveur. Veuillez réessayer ?,No se puede contactar con el servidor. ¿Probar de nuevo?,サーバーに接続できません。もう一度試しますか？
10002,서버 점검 중입니다.,Checking the server now.,伺服器檢測中。,Verificando o servidor agora.,Sto controllando il server.,Şimdi sunucu denetleniyor.,Идет проверка сервера.,Verification du serveur.,Comprobado el servidor ahora.,サーバーメンテナンス中です。
10003,데이터 인증 오류입니다.,Data authentication error.,數據認證錯誤。,Erro de autenticação de dados.,Errore di autenticazione dei dati.,Veri doğrulama hatası.,Ошибка авторизации данных.,Erreur de données d’authentification.,Error de autentificación de datos.,データ認証エラーです。
10004,중복 로그인 오류입니다.,Multiple login error.,重複登入錯誤。,Erro de login múltiplo.,Errore di login multiplo.,Çoklu giriş hatası.,Ошибка множественного входа.,Erreur d'identification multiple.,Error de acceso múltiple.,重複ログインエラーです。
10005,클라이언트 업데이트가 필요합니다.,Client update is required.,需更新客戶端。,A atualização de cliente é necessário.,Richiesto update del client.,Müşteri güncellemesi gerekli.,Необходимо обновление клиента.,Une mis à jour du client est requise.,Se requiere la actualización del cliente.,クライアントのアップデートが必要です。
10006,보안 오류가 발생하여 앱이 종료됩니다.,A security error has occurred and the app will terminate.,發生安全錯誤，已關閉APP。,Ocorreu um erro de segurança e o app será encerrado.,Si è verificato un errore di sicurezza e l'app verrà chiusa.,Güvenlik hatası meydana geldi ve uygulama sona erdirilecek.,Возникла ошибка безопасности. Приложение будет закрыто.,Une erreur de sécurité est apparu l'application va se fermer.,Se cerrará la app debido a que se produjo un error de seguridad.,セキュリティエラーが発生したためアプリを終了します。
10007,게임을 종료하시겠습니까?,Are you sure you want to quit the game?,要結束遊戲嗎？,Tem certeza de que deseja sair do jogo?,Sei sicuro di voler uscire dal gioco?,Oyundan çıkmak istediğinden emin misin?,Выйти из игры?,Êtes vous sur de vouloir quitter le jeu ?,¿Estás seguro de que quieres abandonar el juego?,ゲームを終了しますか？
10008,확인,OK,確定,OK,OK,TAMAM,Ок,OK,OK,OK
10009,취소,Cancel,取消,Cancelar,Cancella,İptal,Отмена,Annuler,Cancelar,キャンセル
10010,온라인 모드에서는 오프라인 모드 데이터를 사용할 수 없습니다.,Offline mode data is not available in online mode.,線上模式無法使用離線模式數據。,Os dados do modo offline não estão disponíveis no modo online.,I dati della modalità offline non sono disponibili in modalità online.,Çevrimdışı modu verisi çevrimiçi modda kullanılamaz.,Данные из офлайн-режима недоступны в онлайн-режиме.,Les données en mode hors-ligne ne sont pas disponible en mode en ligne.,Los datos del modo offline no están disponibles en el modo online.,オンラインモードでは、オフラインモードのデータを使用することができません。
10011,오프라인 모드에서는 온라인 모드 데이터를 사용할 수 없습니다.,Online mode data is not available in offline mode.,離線模式無法使用線上模式數據。,Os dados do modo online não estão disponíveis no modo offline.,I dati della modalità online non sono disponibili in modalità offline.,Çevrimiçi modu verisi çevrimdışı modda kullanılamaz.,Данные из онлайн-режима недоступны в офлайн-режиме.,Les données en mode en ligne ne sont pas disponible en mode en hors-ligne.,Los datos del modo offline no están disponibles en el modo online.,オフラインモードでは、オンラインモードのデータを使用することができません。
10012,해당 데이터는 현재 버전과 맞지 않습니다.\n초기화 하시겠습니까?,The data does not match the current version.;Are you sure you want to initialize?,該數據與目前版本不相符，\n要重置嗎？,Os dados não correspondem à versão atual.;Tem certeza de que deseja inicializar?,I dati non corrispondono alla versione corrente; sei sicuro di voler inizializzare?,Data güncel versiyonla eşleşmiyor.;Sıfırlamak istediğine emin misin?,Данные не совпадают с текущей версией.\nСбросить?,Les données ne correspondent pas la version actuelle.;Êtes vous sur de vouloir continuer ?,Los datos no coinciden con la versión actual. ¿Estás seguro de que quieres iniciarlo?,そのデータは、現在のバージョンと一致しません。;初期化しますか？
10013,동일한 플랫폼 ID로 이전 데이터가 남아있습니다. 데이터를 삭제하고 새로 진행하시겠습니까?,Old data remains with the same platform ID. Are you sure you want to delete the data and refresh it?,相同平台的ID留有先前數據，要刪除數據並重新進行嗎？,Os dados antigos permanecem com a mesma ID da plataforma. Tem certeza de que deseja excluir os dados e atualizá-los?,I vecchi dati rimangono nella stessa piattaforma ID. Sei sicuro di voler cancellare i dati e aggiornarli?,Eski veri. aynı platform Takma Adıyla kaldı. Veriyi silip yinelemek istediğinden emin misin?,Старые данные сохранены с таким же ID платформы. Удалить данные и начать заново?,Les anciennes données restent avec le même identifiant de plate-forme. Êtes-vous sûr de vouloir supprimer les données et les actualiser?,Los datos antiguos permanecen con el mismo ID de la plataforma. ¿Estás seguro de que quieres eliminar los datos y actualizarlos?,同じプラットフォームIDで以前のデータが残っています。データを削除して新たにはじめますか？
10014,치트어플을 제거하시고 사용하실 수 있습니다.,You can use the game after removing the cheat application.,刪除外掛APP後即可使用。,Você pode usar o jogo depois de remover o app fraude.,Puoi utilizzare il gioco dopo aver rimosso l'applicazione dei trucchi.,Sahte uygulamayı sildikten sonra oyunu kullanabilirsin.,Вы можете использовать игру после удаления приложения с читами.,Vous pouvez utiliser le jeu après avoir retiré l'application de triche.,Puedes usar el juego después de eliminar la aplicación para hacer trampas.,チートアプリのアンインストール後にゲームをプレイできます。
10015,정상적이지 않은 어플입니다. 정상적인 경로에서 어플을 받아 설치해주세요.,This application is not normal. Please install the application from the normal path.,非正常的APP，請於正常途徑下載並安裝APP。,Esta aplicação não é normal. Por favor. instale o aplicativo do caminho normal.,Questa applicazione non è normale. Per favore installa l'applicazione da un path normale.,Bu uygulama normal değil. Lütfen uygulamayı normal yoldan yükleyiniz.,Это приложение не нормальное. Установите приложение нормальным методом.,Cette application n'est pas conforme. Installez l'application à partir du chemin d'accès normal.,Esta aplicación no es normal. Por favor. instala la aplicación siguiendo los pasos correctos.,正常ではないアプリです。通常の方法でアプリをインストールしてください。
10016,카카오 로그인 세션이 만료되거나 유효하지 않습니다. 게임을 다시 시작해주시기 바랍니다.,The Kakao login session has expired or is invalid. Please restart the game.,Kakao登入已過期或無效，請重新開始遊戲。,A sessão de login do Kakao expirou ou é inválida. Por favor. reinicie o jogo.,La sessione di login Kakao è scaduto o non è valido. Per favore riavvia il gioco.,Kakao Giriş bölümü zaman aşımına uğradı ya da geçersiz. Lütfen oyunu yeniden başlatınız.,Истек срок входа через Kakao. или неверный вход. Перезапустите игру.,La session de connexion Kakao a expiré ou n'est pas valide. Redémarrez le jeu.,La sesión de Kakao ha expirado o no es válida. Por favor. reinicia el juego.,カカオログインセッションが期限切れ、もしくは無効です。ゲームを再起動してください。
10017,리소스 데이터가 유효하지 않습니다. 게임을 완전히 삭제 후 다시 설치해주시기 바랍니다.,Resource data is invalid. Please completely remove the game and install again.,資源數據無效，請完全刪除遊戲後重新安裝。,Os dados do recurso são inválidos. Por favor. remova completamente o jogo e instale novamente.,La risorsa dati non è valida. Per favore rimuovi completamente il gioco e installalo nuovamente.,Kaynak verisi geçersiz. Lütfen oyunu tamamen siliniz ve tekrar yükleyiniz.,Неверные данные источника. Полностью удалите игру и установите снова.,Les données de ressources ne sont pas valides. Supprimez complètement le jeu et installez-le à nouveau.,Los datos de la fuente no son válidos. Por favor. elimina completamente el juego e instálalo de nuevo.,リソースデータが無効です。ゲームを完全に削除してから再インストールしてください。
10018,오늘 하루 보지 않기,Do not watch today.,今日不再查看,Não assistir hoje.,Non guardare oggi.,Bugün izleme.,Не показывать сегодня,Ne regardez pas aujourd'hui.,No ver hoy.,今日一日見ていない
10019,공지사항,Notice,公告事項,Aviso,Nota,Not,Объявление,Remarque,Aviso,お知らせ
10020,이용약관,Terms of Use,使用條款,Termos de Uso,Termini di Utilizzo,Kullanım Koşulları,Правила использования,Conditions d'utilisation,Términos de Uso,利用規約
10021,게스트 로그인,Guest login,訪客登入,Login como convidado,Login Ospite,Misafir Girişi,Гостевой вход,Connexion invitée,Acceso de Invitado,ゲストログイン
10022,게임이용약관에 동의,Agree to the Game Terms and Conditions,同意遊戲使用條款,Concordar com os Termos e Condições do Jogo,Accetta i Termini di Gioco e Condizioni,Oyun Kural ve Koşullarını kabul et,Согласие с правилами использования игры,Accepter les termes et conditions du jeu,Aceptar los Términos del Juego y las Condiciones,ゲーム利用規約に同意
10023,개인정보 수집. 이용에 동의,Agree to collect and use personal information,同意收集、使用個人資訊,Concordar em coleta e uso de informações pessoais,Accetta la collezione e l'uso di informazioni personali,Kişisel bilgi toplanılması ve kullanımasını kabul et,Согласие со сбором и использованием личных данных,Accepter la collecte et l'utilisation des informations personnelles,Aceptar la recopilación y uso de la información personal,個人情報の収集・利用に同意
10024,"권한이 거부되어 게임을 진행할 수 없습니다.\n\n<size=25> *<color=maroon>기기 사진. 미디어. 파일 액세스</color> : 디바이스의 저장공간에 게임을 설치하고.게임플레이 데이터를 저장하고 불러오는데 사용됩니다.\n\n *<color=maroon>주소록 액세스</color> : 사용자의 계정정보를 구글게임서비스와 아이디와 연동하기 위해 사용됩니다.\n\n</size><size=20>\""다시 묻지 않기\""를 체크하셨다면 설정->애플리케이션->어드벤처타임 런->권한 메뉴에서 확인 가능합니다.</size>","Your permission was denied and you can not proceed with the game.\n\n<size=25> *<color=maroon>Device Pictures. Media. and File Access </ color>: Used to install games in the device's storage space. and to save and load game play data.\n\n *<color=maroon>Address Book Access </ color>: Used to associate your account information with Google Game Services and ID.\n\n</size><size=20> If you check ""Do not ask me again."" you can check it in Settings -> Applications -> Adventure Time Run -",拒絕權限，無法進行遊戲。\n\n<size=25> *<color=maroon>裝置照片、多媒體、檔案資料庫</color> : 於設備儲存空間安裝遊戲，用於儲存並讀取遊戲數據。\n\n *<color=maroon>通訊錄資料庫</color> :用於同步使用者帳號資訊與Google遊戲服務與ID。\n\n</size><size=20>\若勾選「不要再詢問\」，可於設定->應用程式->探險活寶->權限選單中確認。</size>,"Sua permissão foi negado e você não pode prosseguir com o jogo.\n\n<size=25> *<color=maroon>Fotos do dispositivo. Mídia e Acesso de arquivos </color>: Usado para instalar os jogos no espaço de armazenamento do dispositivo e para salvar e carregar os dados de jogo.\n\n *<color=maroon>Acesso ao livro de endereços </ color>: Usado para associar as informações de sua conta com Serviços de jogos do Google e ID.\n\n</size><size=20> Se você marcar ""Não me pergunte novamente"". você pode verificá-lo na Configurações -> Aplicações -> Adventure Time Run -","Il tuo permesso è stato negato e non puoi procedere col gioco.\n\n<misura=25> *<colore=marrone>Immagini Dispositivo. Media. File Access </ colore>: Usato per installare giochi sulla memoria del dispositivo. e per salvare e caricare i dati di gioco.\n\n *<colore=marrone>Accesso Rubrica </ colore>: Usato per associare le informazioni del tuo account ai Servizi Gioco Google e ID.\n\n</misura><misura=20> Se segni ""Non chiedermi più."" puoi cambiarlo in Impostazioni -> Applicazioni -> Tempo di Gioco -",İznin reddedildi ve oyuna ilerleyemedin..\n\n<size=25> *<color=maroon>Cihaz Resimleri.Medya ve Dosya Erişimi</ color>:cihazın depolama boşluğuna oyunları yükle. kaydet ve oyun oynama verisini yükle..\n\n *<color=maroon>Adres Kitabı Erişimi </ color>: Hesap bilgilerini Google Oyun Hizmetleri ve takma adıyla birleştir.\n\n</size><size=20> Eğer ''bana bir daha sorma'' yı kontrol etmek istersen Ayarlar -> Uygulamalar -> Macera Zaman Koşusu ndan kontrol edebilirsin.,"Ваше разрешение было отклонено. вы не можете продолжить игру.\n\n<size=25> *<color=maroon>Доступ к фото. медиа и файлам устройства </ color>: Используется для установки игры в память устройства и для сохранения и загрузки игровых данных.\n\n *<color=maroon>Доступ к адресной книге </ color>: Используется для синхронизации информация вашего аккаунта с сервисами и ID Google Game.\n\n</size><size=20> Если отметить пункт ""Больше не спрашивать"". можно посмотреть позднее в Настройках -> Приложения -> Adventure Time Run -","Votre autorisation a été refusée et vous ne pouvez pas accéder au jeu.\n\n<size=25> *<color=maroon>Images du périphérique. médias et accès aux fichiers </ color>: Utilisé pour installer les jeux dans l'espace de stockage de l'appareil. et pour sauvegarder et charger les données de jeu. \n\n*<color=maroon>Accès au carnet d'adresses </ color>: Utilisé pour associer les informations de votre compte à Google Game Services et à l'identifiant. \n\n</size><size=20> Si vous cochez ""Ne me demandez plus"". vous pouvez le vérifier dans Paramètres -> Applications -> Adventure Time Run -","Tu permiso fue denegado y no puedes continuar con el juego.\n\n<size=25> *<color=maroon>Acceso a las Fotos. Media y Archivos </ color>: Usado para instalar los juegos en la memoria del dispositivo. y para guardar y cargar los datos del juego.\n\n *<color=maroon>Acceso al Directorio </ color>: Usado para asociar la información de tu cuenta con los Servicios de Google y el ID.\n\n</size><size=20> Si marcas las casilla de ""No me preguntes de nuevo"". puedes comprobarlo en Ajustes -> Aplicaciones -> Carreras de Hora de Aventura -","アクセスが拒否されゲームを続行できません。\n\n <size = 25> * <color = maroon>デバイスの写真、メディア、およびファイルアクセス</ color>：ゲームのインストールおよびゲームプレイデータを保存してロードするために、デバイスのストレージスペースが使用されます。\n\n * <color = maroon>アドレス帳へのアクセス</ color>：アカウント情報をGoogleゲームサービスとIDに関連付けるために使用されます。\n\n </ size> <size = 20> ""Do not ask me again""にチェックした場合 - >アプリケーション - >アドベン・チャータイム ラン - >権限メニューから確認ができます。</ size>"
10025,게임 실행 시 다음과 같은 권한이 필요합니다.\n\n<size=25> *<color=maroon>기기 사진. 미디어. 파일 액세스</color> : 디바이스의 저장공간에 게임을 설치하고.게임플레이 데이터를 저장하고 불러오는데 사용됩니다.\n\n *<color=maroon>주소록 액세스</color> : 사용자의 계정정보를 구글게임서비스와 아이디와 연동하기 위해 사용됩니다.</size>\n\n권한 설정 확인 후 게임 진행을 부탁드립니다.,The following permissions are required to run the game.\n\n<size=25> *<color=maroon>Device Pictures. Media. and File Access </ color>: Used to install games in the device's storage space. and to save and load game play data.\n\n *<color=maroon>Address Book Access </ color>: Used to associate your account information with Google Game Services and ID.</size>\n\nPlease check your permission settings before proceeding.,執行遊戲時需下列權限。\n\n<size=25> *<color=maroon>裝置照片、多媒體、檔案資料庫</color> : 於設備儲存空間安裝遊戲，用於儲存並讀取遊戲數據。\n\n *<color=maroon>通訊錄資料庫</color> :用於同步使用者帳號資訊與Google遊戲服務與ID。<size=20>\n\n請確認權限設定後，再執行遊戲。,As seguintes permissões são necessários para executar o jogo.\n\n<size=25> *<color=maroon>Fotos do dispositivo. Mídia e Acesso de arquivos </ color>: Usado para instalar os jogos no espaço de armazenamento do dispositivo e para salvar e carregar os dados de jogo.\n\n *<color=maroon>Acesso ao livro de endereços </color>: Usado para associar as informações de sua conta com Serviços de jogos do Google e ID.</size>\n\nPor favor. verifique as configurações de permissão antes de prosseguir.,I seguenti permessi sono necessari per giocare.\n\n<misura=25> *<colore=marrone>Immagini Dispositivo. Media. File Access </ colore>: Usato per installare giochi sulla memoria del dispositivo. e per salvare e caricare i dati di gioco.\n\n *<colore=marrone>Accesso Rubrica </ colore>: Usato per associare le informazioni del tuo account ai Servizi Gioco Google e ID.</misura>\n\nPer favore controlla le tue impostazioni di permesso prima di procedere.,Takip eden izinler oyunun çalştırılmasına gereksinim duyar.\n\n<size=25> *<color=maroon>Cihaz Resimleri. Medya ve Dosya Erişimi</ color>: cihazın depolama boşluğuna oyunları yükle. kaydet ve oyun oynama verisini yükle..\n\n *<color=maroon>Adres Kitabı Erişimi </ color>: Hesap bilgilerini Google Oyun Hizmetleri ve takma adıyla birleştir.</size>\n\nLütfen sürdürmeden önce izin ayarlarınızı kontrol ediniz.,Следующие разрешения необходимы для запуска игры.\n\n<size=25> *<color=maroon>Доступ к фото. медиа и файлам устройства </ color>: Используется для установки игры в память устройства и для сохранения и загрузки игровых данных.\n\n *<color=maroon>Доступ к адресной книге </ color>: Используется для синхронизации информация вашего аккаунта с сервисами и ID Google Game.</size>\n\nПроверьте настройки разрешений перед тем. как продолжить.,Les autorisations suivantes sont nécessaires pour exécuter le jeu.\n\n<size=25> *<color=maroon>Images du périphérique. médias et accès aux fichiers </ color>: Utilisé pour installer les jeux dans l'espace de stockage de l'appareil. et pour sauvegarder et charger les données de jeu. \n\n*<color=maroon>Accès au carnet d'adresses </ color>: Utilisé pour associer les informations de votre compte à Google Game Services et à l'identifiant. </size>\n\nVeuillez vérifier vos paramètres d'autorisation avant de procéder.,Los siguientes permisos son requeridos para ejecutar el juego.\n\n<size=25> *<color=maroon>Acceso a las Fotos. Media y Archivos </ color>: Usado para instalar los juegos en la memoria del dispositivo. y para cargar y guardar los datos del juego.\n\n *<color=maroon>Acceso al Directorio </ color>: Usado para asociar la información de tu cuenta con los Servicios de Google Game y el ID.</size>\n\nPor favor. comprueba los ajustes de los permisos antes de continuar.,ゲームを実行するためには次の権限が必要です。\n\n <size = 25> * <color = maroon>デバイスの写真、メディア、およびファイルアクセス</ color>：ゲームのインストールおよびゲームプレイデータを保存してロードするために、デバイスのストレージスペースが使用されます。\n\n * <color = maroon>アドレス帳へのアクセス</ color>：アカウント情報をGoogleゲームサービスとIDに関連付けるために使用されます。</ size> \n\nゲームの実行前に権限の設定をご確認ください。
10026,닫기,close,關閉,Fechar,Chiudi,Kapat,Закрыть,Fermer,cerrar,閉じる
10027,설정,Setting,設定,Configuração,Impostazioni,Ayar,Настройки,Réglage,Ajustes,設定
10028,계정 로그인 방식을 선택하세요. ※주의! 게스트 계정은 기기 변경 시 게임 정보가 유지되지 않습니다.,Please choose an account login method. ※Caution! Guest accounts do not retain game data when the device is changed.,請選擇登入帳號方式。※注意！變更裝置時，訪客帳號遊戲資訊將消失。,Por favor. escolha um método de login da conta. ※Cuidado! Contas de convidado não mantem os dados do jogo quando o dispositivo é alterado.,Scegli un metodo di login all'account. ※Attenzione! Gli account ospite non mantengono in memoria i dati di gioco quando si cambia il dispositivo.,Lütfen hesap giriş metodu seçiniz.※Dikkat! Misafir hesapları cihaz değiştiğinde oyun verisini koruyamaz.,Выберите метод входа в аккаунт. ※Внимание! Гостевые аккаунты не позволяют сохранять данные в случае смены устройства.,Choisissez une méthode de connexion au compte. ※Attention! Les comptes invités ne conservent pas les données de jeu lorsque le périphérique est modifié.,Por favor. elige un método de acceso a la cuenta. ※ ¡Cuidado! Las cuentas de invitados no mantienen los datos del juego cuando se cambia de dispositivo.,アカウントのログイン方法を選択してください。 ※注意！ゲストアカウントはデバイス変更時にゲーム情報が保持されません。
10029,구글 로그인,Google Login,Google登入,Google Login,Google Login,Google Girişi,Вход через Google,Connexion à Google,Iniciar sesión en Google,Googleログイン
10030,게임센터 연결되지 않음,Game Center Not Connected,未連結至遊戲中心,Centro de jogos não conectado,Centro di Gioco non Connesso,Oyun Merkezi bağlı değil,Нет соединения с игровым центром,Game center déconnecté,Game Center no conectado,ゲームセンターに接続されていません。
10031,Guest,Guest,Guest,Convidado,Ospite,Misafir,Гость,Invité,Invitado,ゲスト
10032,카툰 네트워크에서 어드벤처 타임을 시청하세요.,Watch Adventure Time on Cartoon Network.,請於卡通頻道收看探險活寶。,Assista Adventure Time no Cartoon Network.,Guarda Adventure Time su Cartoon Network.,Macera Zamanını Cartoon Network de izle.,"Смотрите ""Время приключений"" на канале Cartoon Network.",Regarder Adventure Time sur Cartoon Network.,Ver Hora de Aventura en Cartoon Network.,アドベンチャータイムを見るならカートゥーン ネットワーク！
10033,서버연결이 잘 안되고 있습니다.\n게임을 종료하시겠습니까?,Your connection to the server is not good.\nAre you sure you want to quit the game?,未連結伺服器，\n要結束遊戲嗎？,Sua conexão com o servidor não é boa.\nVocê tem certeza que deseja sair do jogo?,La tua connessione al server non è buona.\nSei sicuro di voler chiudere il gioco?,Sunucu bağlantın iyi değil.\nOyundan çıkmak istediğine emin misin?,Плохое соединение с сервером.\nВыйти из игры?,Votre connection au serveur n'est pas bonne.\nÊtes vous sur de vouloir quitter le jeu ?,No tienes una buena conexión al servidor.\n¿Estás seguro de que quieres abandonar el juego?,サーバーに接続できません。\nゲームを終了しますか？
10034,패치 정보 파일에 문제가 있습니다.\n게임을 종료하시겠습니까,There is a problem with the patch information file.\nDo you want to quit the game?,更新資訊檔案發生問題，\n要結束遊戲嗎？,Há um problema com o arquivo de informações do patch.\nDeseja encerrar o jogo?,C'è un problema con il file delle informazioni.\nVuoi chiudere il gioco?,Yama bilgisi dosyanda bir problem var.\nOyundan çıkmak istiyor musun?,Проблема с патч-файлом данных.\nВыйти из игры?,Il y a un problème avec le fichier de mise à jour.\n Voulez vous quitter le jeu ?,Hay un problema con el archivo de información.\n¿Quieres abandonar el juego?,パッチファイルに問題があります。\nゲームを終了しますか
10035,패치 파일 로드에 문제가 있습니다.\n게임을 종료하시겠습니까?,There is a problem loading the patch file.\nDo you want to quit the game?,下載更新檔案發生問題，\n要結束遊戲嗎？,Há um problema ao carregar o arquivo patch.\nDeseja encerrar o jogo?,C'è un problema con il file patch.\nVuoi chiudere il gioco?,Yama dosyasını yüklemede bir problem var.\nOyundan çıkmak istiyor musun?,Проблема с загрузкой патч-файла.\nВыйти из игры?,Il y a un problème de chargement du fichier de mise à jour.\nVoulez vous quitter le jeu ?,Hay un problema al cargar el archivo de reparación.\n¿Quieres abandonar el juego?,パッチファイルの読み込みに問題があります。\nゲームを終了しますか？
10036,기존패치 파일이 존재합니다.\n게임을 종료하시겠습니까?,Patch file already exists.\n Are you sure you want to quit the game?,基本更新檔案不存在，\n要結束遊戲嗎？,O arquivo patch já existe.\nTem certeza de que deseja sair do jogo?,Il file patch esiste già.\n Sei sicuro di voler chiudere il gioco?,Yama dosyası zaten var.\nOyundan çıkmak istediğine emin misin?,Патч-файл уже существует.\nВыйти из игры?,Le fichier de mis à jour est déjà existant.\n Êtes vous sur de vouloir quitter le jeu ?,El archivo de reparación ya existe.\n¿Estás seguro de que quieres abandonar el juego?,既にパッチファイルが存在します。\nゲームを終了しますか？
10037,패치 다운로드에 문제가 있습니다.\n게임을 종료하시겠습니까?,There is a problem downloading the patch file.\nDo you want to quit the game?,下載更新檔案發生問題，\n要結束遊戲嗎？,Há um problema ao baixar o arquivo patch.\nDeseja sair do jogo?,Si verifica un problema facendo il download del file patch.\nVuoi chiudere il gioco?,Yama dosyasını indirmede bir problem var.\nOyundan çıkmak istiyor musun?,Проблема со скачиванием патч-файла.\nВыйти из игры?,Il y a un problème avec le téléchargement du fichier de mise à jour.\nVoulez vous quitter le jeu ?,Hay un problema al descargar el archivo de reparación.\n¿Quieres abandonar el juego?,パッチのダウンロードに問題があります。\nゲームを終了しますか？
10038,새로운 버전 설치가 필요합니다.,A new version installation is required.,需安裝新版本。,Instalação de uma nova versão é necessário.,E' richiesta una nuova versione da installare.,Yeni versiyon yükleme gerekli.,Необходимо установить новую версию.,Une nouvelle version est requise.,Una nueva versión de la instalación es requerida.,新しいバージョンのインストールが必要です。
10039,서버연결이 잘 안되고 있습니다.\n게임을 종료하시겠습니까?,Your connection to the server is not good.\n Are you sure you want to quit the game?,未連結伺服器，\n要結束遊戲嗎？,Sua conexão com o servidor não é boa.\nTem certeza de que deseja encerrar o jogo?,La tua connessione al server non è buona.\nSei sicuro di voler chiudere il gioco?,Sunucu bağlantın iyi değil.\nOyundan çıkmak istediğine emin misin?,Плохое соединение с сервером.\nВыйти из игры?,Votre connection au serveur n'est pas bonne.\n Êtes vous sur de vouloir quitter le jeu ?,No tienes una buena conexión al servidor.\n¿Estás seguro de que quieres abandonar el juego?,サーバーに接続できません。\nゲームを終了しますか？
10040,"""로딩 시작"".","""Start Loading"".",「開始讀取」.,"""Iniciar Carregamento"".","""Comincia il Caricamento"".","""Yüklemeye Başla''.","""Start Loading"".","""Commencer à charger"".","""Comenzar a Cargar"".",ロード開始
10041,"""로딩 시작"".","""Start Loading"".",「開始讀取」.,"""Iniciar Carregamento"".","""Comincia il Caricamento"".","""Yüklemeye Başla''.","""Start Loading"".","""Commencer à charger"".","""Comenzar a Cargar"".",ロード開始
10042,"""로딩 시작"".","""Start Loading"".",「開始讀取」.,"""Iniciar Carregamento"".","""Comincia il Caricamento"".","""Yüklemeye Başla''.","""Start Loading"".","""Commencer à charger"".","""Comenzar a Cargar"".",ロード開始
10043,"""패치 정보 받는 중"".","""Getting patch information"".",「接收更新資訊中」.,"""Obtendo informações de patch"".","""Sto ottenendo le informazioni patch"".","""Yama bilgisi alınıyor''.","""Getting patch information"".","""Obtention du fichier de mise a jour"".","""Conseguir la información de la reparación"".",パッチ情報受信中
10044,"""패치 받는 중"".","""Patching"".",「接收更新中」.,"""Patching"".","""Patching"".","""Yamalanıyor''.","""Patching"".","""Mise à jour"".","""Reparando"".",パッチ受信中
10045,"""게임 데이터 테이블 로드 중"".","""Loading game data table"".",「讀取遊戲數據表中」.,"""Carregando a tabela de dados do jogo"".","""Caricamento tabella dati gioco"".","""Oyun veri tablosu yükleniyor''.","""Loading game data table"".","""Chargement des Fichiers de Jeu"".","""Cargando los datos del juego"".",ゲームデータをロード中
10046,"""게임 데이터 테이블 로드 중"".","""Loading game data table"".",「讀取遊戲數據表中」.,"""Carregando a tabela de dados do jogo"".","""Caricamento tabella dati gioco"".","""Oyun veri tablosu yükleniyor''.","""Loading game data table"".","""Chargement des Fichiers de Jeu"".","""Cargando los datos del juego"".",ゲームデータをロード中
10047,"""사운드 파일 로드 중"".","""Loading Sound File"".",「下載音檔中」.,"""Carregando arquivo de som"".","""Caricamento File suoni"".","""Ses dosyası yükleniyor''.","""Loading Sound File"".","""Chargement du fichier sonore"".","""Cargando Archivo de Sonido"".",サウンドファイルをロード中
10048,"""사운드 파일 로드 중"".","""Loading Sound File"".",「下載音檔中」.,"""Carregando arquivo de som"".","""Caricamento File suoni"".","""Ses dosyası yükleniyor''.","""Loading Sound File"".","""Chargement du fichier sonore"".","""Cargando Archivo de Sonido"".",サウンドファイルをロード中
10049,"""오브젝트 파일 로드 중"".","""Loading Object File"".",「下載目標程序檔中」.,"""Carregando arquivo de objeto"".","""Caricamento File Oggetti"".","""Nesne dosyası yükleniyor''.","""Loading Object File"".","""Chargement du fichier objet"".","""Cargando Archivo Objeto"".",オブジェクトファイルを読み込み中
10050,"""오브젝트 파일 로드 중"".","""Loading Object File"".",「下載目標程序檔中」.,"""Carregando arquivo de objeto"".","""Caricamento File Oggetti"".","""Nesne dosyası yükleniyor''.","""Loading Object File"".","""Chargement du fichier objet"".","""Cargando Archivo Objeto"".",オブジェクトファイルを読み込み中
10051,"""스프라이트 파일 로드 중"".","""Loading sprite file"".",「下載sprite檔案中」.,"""Carregando arquivo sprite"".","""Caricamento File sprite"".","""Hareket dosyası yükleniyor''.","""Loading sprite file"".","""Chargement du fichier sprite"".","""Cargando el archivo duende"".",スプライトファイルの読み込み中
10052,"""스프라이트 파일 로드 중"".","""Loading sprite file"".",「下載sprite檔案中」.,"""Carregando arquivo sprite"".","""Caricamento File sprite"".","""Hareket dosyası yükleniyor''.","""Loading sprite file"".","""Chargement du fichier sprite"".","""Cargando el archivo duende"".",スプライトファイルの読み込み中
10053,"""씬 로드 중"".","""Loading Scene"".",「下載場景中」.,"""Carregando Cena"".","""Caricamento Scena"".","""Görüntü yükleniyor''.","""Loading Scene"".","""Chargement du décor"".","""Cargando Escenario"".",シーンをロード中
10054,"""씬 로드 중"".","""Loading Scene"".",「下載場景中」.,"""Carregando Cena"".","""Caricamento Scena"".","""Görüntü yükleniyor''.","""Loading Scene"".","""Chargement du décor"".","""Cargando Escenario"".",シーンをロード中
10055,"""UI 로드 중"".","""Loading UI"".",「下載UI中」.,"""Carregando UI"".","""Caricamento UI"".","""UI yükleniyor''.","""Loading UI"".","""Chargement de l'interface"".","""Cargando IU"".",UIをロード中
10056,"""UI 로드 중"".","""Loading UI"".",「下載UI中」.,"""Carregando UI"".","""Caricamento UI"".","""UI yükleniyor''.","""Loading UI"".","""Chargement de l'interface"".","""Cargando IU"".",UIをロード中
10057,"""로그인 중"".","""Log in"".",「登入中」.,"""Log in"".","""Log in"".","""Giriş Yap''.","""Вход"".","""S'identifier"".","""Iniciar Sesión"".",ログイン中
10058,"""로그인 중"".","""Log in"".",「登入中」.,"""Log in"".","""Log in"".","""Giriş Yap''.","""Вход"".","""S'identifier"".","""Iniciar Sesión"".",ログイン中
10059,"""로비 입장 중"".","""Entering the lobby"".",「進入大廳中」.,"""Entrando no lobby"".","""Entrando nella lobby"".","""Lobiye giriliyor''.","""Entering the lobby"".","""Entrer dans le lobby"".","""Entrando en el lobby"".",ロビー入場中
10060,"""로비 입장 중"".","""Entering the lobby"".",「進入大廳中」.,"""Entrando no lobby"".","""Entrando nella lobby"".","""Lobiye giriliyor''.","""Entering the lobby"".","""Entrer dans le lobby"".","""Entrando en el lobby"".",ロビー入場中
10061,"""완료""","""complete""",「完成」,"""Concluído""","""Completo""","""Tamamla''","""complete""","""Complété"".","""completar""",完了
10062,Tip. 팀 레벨이 증가하면 더욱 많은 점수를 얻을 수 있어요.,Tip: Get a Higher Bonus Score with a Higher Team Level!,Tip.隊伍等級越高，可獲得越多分數。,Dica: Obtenha uma pontuação de bônus superior com um nível de equipe superior!,Consiglio: Ottieni un Punteggio Bonus Più alto con un Livello di Squadra Maggiore!,İpucu: Daha Yüksek Takım Seviyesiyle Daha Yüksek Bonus Skoru al!,Подсказка: Получите больше бонусных очков благодаря высокому уровню команды!,Astuce: Obtiens un score bonus supérieur avec un niveau d'équipe supérieur!,Consejo: ¡Consigue una Puntuación más Alta con un Nivel Superior de Equipo!,ヒント: チームレベルがUPすると、さらに多くのポイントをGETできるよ！
10063,Tip. 캐릭터 배지를 획득하면 게임에서 높은 점수를 얻을 수 있어요.,Tip: Collect more Character Badges while running to score higher in the game!,Tip.獲得角色徽章時，可在遊戲中獲得高分。,Dica: Colete mais distintivos de personagem enquanto corre para pontuar mais alto no jogo!,Consiglio: Colleziona più Badge Personaggi mentre corri per fare punteggio più alto nel gioco!,İpucu: Oyunda skoru yükseltmek için koşarken daha fazla Karakter Rozeti topla!,Подсказка: Соберите больше беджей персонажей во время бега. чтобы заработать больше очков в игре!,Astuce: collectionne plus d'Insigne de personnages en courant pour marquer plus de points dans une partie !,Consejo: ¡Consigue una Puntuación más Alta con un Nivel Superior de Equipo!,ヒント: キャラクターバッジを獲得すれば高得点をGETできるよ！
10064,Tip. 코인을 획득해 캐릭터 스킬 레벨업과 보물 강화에 도전하세요.,Tip: Collect Coins to Upgrade Characters and Treasures.,Tip.獲得代幣可挑戰角色技能升級與強化寶物。,Dica: Colete as moedas para melhorar personagens e tesouros.,Consiglio: Colleziona Monete per Evolvere Personaggi e Tesori.,İpucu: Karakterler ve Hazineleri yükseltmek için Jeton topla.,Подсказка: Соберите монеты для усиления навыков персонажей и сокровищ.,Astuce: collectionne des pièces pour améliorer les personnages et les trésors.,Consejo: Recopila Monedas para Mejorar a los Personajes y los Tesoros.,ヒント: コインをたくさん集めてキャラや宝物を強化してね！
10065,Tip. 보물을 진화시키면 추가 능력치가 랜덤하게 부여됩니다.,Tip: Evolved Treasures will give new abilities.,Tip.進化寶物，將隨機發送追加能力值！,Dica: Tesouros evoluídos darão novas habilidades.,Consiglio: Tesori Evoluti ti daranno nuove abilità.,İpucu: Gelişmiş Hazineler yeni kabiliyetler verecektir.,Подсказка: Эволюционировавшие сокровища принесут больше навыков.,Astuce: Les trésors évolués donneront de nouvelles capacités.,Consejo: Los Tesoros Evolucionados proporcionarán nuevas habilidades.,ヒント: 宝物を進化させると追加能力が獲得できるよ！
10066,Tip. 캐릭터의 스킬 레벨업에는 캐릭터 조각과 코인이 필요해요,Tip: Character Pieces and Coins are needed to upgrade Character Skills.,Tip.角色技能升級需角色碎片與代幣。,Dica: Pedaços de personagens e Moedas são necessários para melhorar as habilidades de personagem.,Consiglio: Pezzi di Personaggi e Monete servono per fare l'upgrade delle Abilità Personaggio.,İpucu: Karakter Parçaları ve Jetonların Karakter Yeteneklerinin yükseltilmesine ihtiyacı var.,Подсказка: Фрагменты персонажей и монеты необходимы для усиления навыков персонажей.,Astuce: Des pièces de personnage et des pièces de monnaie sont nécessaires pour améliorer les compétences de Personnage.,Consejo: Los Pedazos de los Personaje y las Monedas son necesarios para mejorar las Habilidades del Personaje.,ヒント: キャラクターのスキルレベルアップにはキャラクターのかけらとコインが必要だよ！
10067,Tip. 캐릭터 조각은 뽑기와 게임 중 획득하는 미스터리 박스에서 얻을 수 있어요.,Tip: Character Pieces can be acquired from opening Mystery Chests collected in Portals or by trying your luck at the Draw from the Shop.,Tip.可於抽取於遊戲中獲得的神秘箱獲得角色碎片。,Dica: Pedaços de personagem podem ser adquiridos de abertura de caixas de mistério coletados nos portais ou tentando sua sorte no sorteio da loja.,Consiglio: Pezzi di Personaggio possono essere conseguiti dall'apertura delle Ceste Misteriose collezionate nei Portali o tentando la fortuna al Sorteggio del Negozio.,İpucu: Karakter Parçaları Portallardan toplanan Gizemli Sandık kutularının açılmasından ya da Mağazadaki çekilişte şansını deneyerek elde edilir.,Подсказка: Фрагменты персонажей можно получить. открыв таинственные сундуки. собранные в порталах или выигранные в лотерею.,Astuce: Les pièces de personnage peuvent être acquises à partir de l'ouverture des coffres mystérieux collectés dans les Portails ou en essayant votre chance au Tirage dans la boutique.,Consejo: Los Pedazos de los Personaje se pueden obtener abriendo los Cofres Misteriosos recopilados en los Portales o probando suerte en la Extracción de la Tienda.,ヒント: キャラクターのかけらはガチャとゲーム中獲得する宝箱からGETできるよ！
10068,Tip. 몬스터를 처치할 때는 드래그해서 캐릭터를 조종해야 해요.,Tip: Drag your character left and right to shoot at and defeat the monsters in the Zombie Candy Portal.,Tip.擊退怪獸時需拖曳、操作角色。,Dica: Arraste seu personagem para a esquerda e a direita para atirar e derrotar os monstros no Zombie Candy Portal.,Consiglio: trascina il tuo personaggio a destra e sinistra per sparare e sconfiggere i mostri nel Portale Caramella Zombie.,İpucu: Ateş etmek için karakterini sola ve sağa sürükle ve Zombi Şeker Portalında canavarları alt et.,Подсказка: Уводите своего персонажа влево или вправо. чтобы уничтожить монстров в Королевстве сладостей.,Astuce: Fait glisser ton personnage à gauche et à droite pour tirer sur et vaincre les monstres dans le portail Bonbon Zombie.,Consejo: Arrastra tu personaje de derecha a izquierda para disparar y derrotar a los monstruos en el Portal de Caramelos Zombis.,ヒント: モンスターを倒すときは、左右にキャラをスワイプして攻撃しよう！
10069,Tip. 다운로드 수가 많아지면 더욱 멋진 에피소드가 추가됩니다.,Tip: We'll make mOoore Episodes for The Ooo Expedition as more players download the game.,Tip.下載數增加時將新增更好玩的劇情故事。,Dica: Vamos preparar mais episódios para A expedição Ooo conforme mais jogadores baixar o jogo.,Consiglio: faremo Piiiiù Episodi per la Spedizione quando più giocatori faranno il download del gioco.,İpucu: Daha fazla kullanıcı oyunu indirsin diye Ooo Seferleri için daha fazla Bölüm yapacağız.,Подсказка: Мы создадим бОоольше эпизодов для Экспедиции Ооо с увеличением количества скачиваний игры.,Astuce: Plus de joueurs téléchargent le jeu plus nous ferons d’épisodes pour L'Expédtion Ooo.,Consejo: Crearemos mÁaaas Episodios para las Expedición de Ooo a medida que más jugadores se descarguen el juego.,ヒント: みんながたくさんアプリをダウンロードしてくれれば、さらにエピソードが追加されるかも！？
10070,Tip. 태그 대기중인 캐릭터들은 체력이 조금씩 회복됩니다.,Tip: When characters are not running. they slowly restore their HP.,Tip.一點一點恢復等待標籤中的角色體力。,Dica: Quando os personagens não estão sendo executados. eles restauram HP lentamente.,Consiglio: Quando i personaggi non corrono. recuperano piano piano la loro HP.,İpucu: Karakterler koşmadığında HP lerini yavaşça düzeltirler.,Подсказка: Когда персонажи не бегут. они медленно восстанавливают свое здоровье.,Astuce: Lorsque les personnages ne courent pas. ils restaurent lentement leur HP.,Consejo: Cuando los personajes no están corriendo. su PS se recupera de manera más lenta.,ヒント: タッグで待機中のキャラは少しずつHPが回復するよ！
10071,Tip. 징검다리 포탈에서는 물에 빠지면 포탈이 종료됩니다.,Tip: Falling in the water instantly ends the Pirate Portal.,Tip.若於石橋傳送門落水，將結束傳送門。,Dica: Caindo na água termina instantaneamente o Portal Pirata.,Consiglio: Cadere nell'acqua fa finire istantemente il Portale Pirati.,İpucu: Anlık suya düşmek Korsan Portalını sonlandırır.,Подсказка: Падение в воду моментально завершает Портал Пиратов.,Astuce: Tomber dans l'eau finit instantanément le Portail Pirate.,Consejo: Si caes en el agua se termina el Portal Pirata de manera instantánea.,ヒント: 飛び石ポータルは水に落ちると終わっちゃうよ！
10072,Tip. 골드맵을 클리어하면 획득한 코인이 2배가 됩니다.,Tip: Clearing the gold map gives double the gold coins.,Tip.通過黃金地圖時，獲得2倍代幣。,Dica: Concluindo o mapa de ouro dá o dobro de moedas de ouro.,Consiglio: Completare la mappa d'oro da il doppio delle monete oro.,İpucu: Altın haritasını temizlemek çift altın jetonu verir.,Подсказка: Прохождение золотой карты дает двойное количество золотых монет.,Astuce: Finir la carte or donne le double de pièces d'or.,Consejo: Completar el mapa dorado te proporciona el doble de monedas de oro.,ヒント: ゴールドマップをクリアすると獲得したコインが2倍になるよ！
10073,Tip. 랭킹 보상으로 획득한 메달로 캐릭터 조각^재료 등 다양한 아이템을 구매할 수 있습니다.,Tip: Medals obtained from Ranking Rewards can be used in the Medal Shop to buy Character Pieces and Material Items.,Tip.可於商店使用獲得的排名獎勵獎牌，^購買角色碎片等各種道具。,Dica: As Medalhas obtidos de recompensas de classificação podem ser usados na loja de medalha para comprar pedaços de personagem e itens de material.,Consiglio: le Medaglie ottenute dalle Ricompense Classifica possono essere usate nel Negozio Medaglie per comprare i Pezzi Personaggio e Oggetti Materiali.,İpucu: Sıralama Ödüllerinden elde ettiğin madalyalar Madalya Mağazasında Karakter Parçaları ve Materyal Öğeleri almak için kullanılabilir.,Подсказка: Медали. полученные в качестве награды за рейтинг. можно использовать в магазине медалей для покупки фрагментов персонажей и материалов.,Astuce: Les médailles obtenues auprès des récompenses de rang peuvent être utilisées dans la boutique de médailles pour acheter des pièces de personnage et des matériaux.,Consejo: Las Medallas obtenidas a partir de las Recompensas del Ranking se pueden usar en la Tienda de Medallas para comprar los Pedazos de los Personajes y los Artículos del Material.,ヒント: ランキング報酬でGETしたメダルで、ショップでキャラクターのかけらやマテリアルアイテムを購入できるよ！
10074,Tip. 친구 활동을 통해 획득한 소셜 포인트로 상점에서 하트를 구매하실 수 있습니다.,Tip: Use Social Points earned from Friends' activities in the Shop to buy more Hearts.,Tip.可於商店使用獲得的好友活動社群點數購買愛心。,Dica: Use os pontos sociais ganhos das atividades dos amigos na loja para comprar mais corações.,Consiglio: Utilizza Punti Sociali guadagnati dalle attività degli Amici nel Negozio per comprare più Cuori.,İpucu: Mağazada daha fazla kalp almak için arkadaşlarının aktivitelerinden kazandığın Sosyal Puanları kullan.,Подсказка: Используйте социальные очки. полученные за действия друзей. в магазине для покупки сердец.,Astuce: utilise les points sociaux gagnés par les activités amis dans la boutique pour acheter plus de cœurs,Consejo: Usa los Puntos Sociales ganados a partir de las actividades de tus Amigos en la Tienda para comprar más Corazones.,ヒント: 友人のアクティビティから得たソーシャルポイントをショップで使えば、ハートを購入できるよ！
10075,Tip. 밤은 낮보다 체력 감소량이 증가하여 게임 플레이가 어려워집니다.,Tip: HP reduces faster at Night.,Tip.晚上較白天消耗體力，遊戲進行更困難。,Dica: a HP reduz mais rapidamente à noite.,Consiglio: HP si riduce più velocemente di Notte.,İpucu: HP gece daha hızlı azalır.,Подсказка: Ночью здоровье уменьшается быстрее.,Astuce: Les PV réduisent plus rapidement la nuit.,Consejo: El PS disminuye más rápido por la Noche.,ヒント: 夜は昼よりもHP減少量が増えてゲームが難しくなるよ！
10076,게임을 플레이하려면 다음을 읽고 이용 약관과 개인정보 취급 방침에 동의해야 합니다.,To play the game. you must read and agree to the Terms of Use and Privacy Policy.,若欲使用遊戲，請閱讀並同意下方使用條款與隱私權政策。,Para jogar o jogo. você deve ler e concordar com os Termos de Uso e Política de Privacidade.,Per giocare. devi leggere e accettare i Termini di Utilizzo e la Policy di Privacy.,Oyunu oynamak için Kullanım Koşullarını ve Gizlilik Politikasını okuyup onaylamak zorundasınız.,Чтобы играть. вам необходимо прочитать и согласиться с правилами использования и политикой конфиденциальности.,Pour jouer au jeu. vous devez lire et accepter les Conditions d'utilisation et la Politique de confidentialité.,Para jugar al juego. debes leer y aceptar los Términos de Uso y la Política de Privacidad.,ゲームをプレイするには、次の利用規約とプライバシーポリシーに同意する必要があります。
10077,이용 약관,Terms of Service,使用條款,Termos de Serviço,Termini di Servizio,Kullanım Koşulları,Правила использования,Conditions d'utilisation,Términos del Servicio,利用規約
10078,개인 정보 취급 방침,Privacy Policy,隱私權條款,Política de Privacidade,Privacy Policy,Gizlilik Politikası,Политика конфиденциальности,Politique de confidentialité,Política de Privacidad,プライバシーポリシー
10079,당신의 나이를 입력하세요.,Please enter your age.,請輸入年齡。,Por favor. digite a sua idade.,Inserisci la tua età.,Lütfen yaşınızı giriniz.,Введите свой возраст,Entrez votre âge.,Por favor. introduce tu edad.,あなたの年齢を入力してください。
10080,수락,Accept,接受,Aceitar,Accetta,Kabul,Принять,Acceptez,Aceptar,同意する